gnomix_label,AFR,EAS,EUR
AFR,0.039768,0.00046,0.000628
EAS,0.00314,0.709368,0.006848
EUR,0.001916,0.034908,0.202964
